{"127.0.0.1": {"requests": [1755270848.7899003, 1755270854.3300638, 1755270857.9792147, 1755270861.641105, 1755270864.5960605, 1755270866.5084114, 1755270870.215469, 1755270872.7187166, 1755270875.3294742, 1755270881.473711, 1755270884.8959541], "blocked_until": 1755271184.8959541}}