{"127.0.0.1": {"requests": [1755178736.1381283, 1755178737.1167467, 1755178738.1677556, 1755178739.3695614, 1755178740.36725, 1755178741.4679368, 1755178742.3809435, 1755178743.3209581, 1755178744.3203766, 1755178745.1676362, 1755178746.041191], "blocked_until": 1755179046.041191}}